{
    "default_width": 0,
    "default_height": 0,
    "space_h": 0,
    "space_v": 0,
    "flags": 0,
    "overlay_width": 1440,
    "overlay_height": 472,
    "elements": [
        {
            "type": 1,
            "pos": [
                190,
                0
            ],
            "id": "escape",
            "z_level": 0,
            "mapping": [
                1,
                1,
                201,
                92
            ],
            "code": 1
        },
        {
            "type": 1,
            "pos": [
                126,
                95
            ],
            "id": "tab",
            "z_level": 0,
            "mapping": [
                1,
                191,
                201,
                92
            ],
            "code": 15
        },
        {
            "type": 1,
            "pos": [
                63,
                190
            ],
            "id": "caps_lock",
            "z_level": 0,
            "mapping": [
                1,
                381,
                263,
                92
            ],
            "code": 58
        },
        {
            "type": 1,
            "pos": [
                63,
                285
            ],
            "id": "shift_l",
            "z_level": 0,
            "mapping": [
                1,
                571,
                263,
                92
            ],
            "code": 42
        },
        {
            "type": 1,
            "pos": [
                0,
                380
            ],
            "id": "control_l",
            "z_level": 0,
            "mapping": [
                1,
                761,
                263,
                92
            ],
            "code": 29
        },
        {
            "type": 1,
            "pos": [
                206,
                380
            ],
            "id": "win_l",
            "z_level": 0,
            "mapping": [
                267,
                761,
                213,
                92
            ],
            "code": 3675
        },
        {
            "type": 1,
            "pos": [
                362,
                380
            ],
            "id": "alt_l",
            "z_level": 0,
            "mapping": [
                483,
                761,
                213,
                92
            ],
            "code": 56
        },
        {
            "type": 1,
            "pos": [
                518,
                380
            ],
            "id": "space",
            "z_level": 0,
            "mapping": [
                699,
                761,
                550,
                92
            ],
            "code": 57
        },
        {
            "type": 1,
            "pos": [
                334,
                0
            ],
            "id": "1",
            "z_level": 0,
            "mapping": [
                267,
                1,
                181,
                92
            ],
            "code": 2
        },
        {
            "type": 1,
            "pos": [
                458,
                0
            ],
            "id": "2",
            "z_level": 0,
            "mapping": [
                451,
                1,
                181,
                92
            ],
            "code": 3
        },
        {
            "type": 1,
            "pos": [
                582,
                0
            ],
            "id": "3",
            "z_level": 0,
            "mapping": [
                635,
                1,
                181,
                92
            ],
            "code": 4
        },
        {
            "type": 1,
            "pos": [
                706,
                0
            ],
            "id": "4",
            "z_level": 0,
            "mapping": [
                819,
                1,
                181,
                92
            ],
            "code": 5
        },
        {
            "type": 1,
            "pos": [
                830,
                0
            ],
            "id": "5",
            "z_level": 0,
            "mapping": [
                1003,
                1,
                181,
                92
            ],
            "code": 6
        },
        {
            "type": 1,
            "pos": [
                954,
                0
            ],
            "id": "6",
            "z_level": 0,
            "mapping": [
                1187,
                1,
                181,
                92
            ],
            "code": 7
        },
        {
            "type": 1,
            "pos": [
                1137,
                285
            ],
            "id": "up",
            "z_level": 0,
            "mapping": [
                1371,
                1,
                181,
                92
            ],
            "code": 57416
        },
        {
            "type": 1,
            "pos": [
                1259,
                380
            ],
            "id": "right",
            "z_level": 0,
            "mapping": [
                1555,
                1,
                181,
                92
            ],
            "code": 57421
        },
        {
            "type": 1,
            "pos": [
                1010,
                380
            ],
            "id": "left",
            "z_level": 0,
            "mapping": [
                1370,
                191,
                181,
                92
            ],
            "code": 57419
        },
        {
            "type": 1,
            "pos": [
                1135,
                380
            ],
            "id": "down",
            "z_level": 0,
            "mapping": [
                1371,
                381,
                181,
                92
            ],
            "code": 57424
        },
        {
            "type": 1,
            "pos": [
                270,
                95
            ],
            "id": "q",
            "z_level": 0,
            "mapping": [
                267,
                191,
                181,
                92
            ],
            "code": 16
        },
        {
            "type": 1,
            "pos": [
                394,
                95
            ],
            "id": "w",
            "z_level": 0,
            "mapping": [
                451,
                191,
                181,
                92
            ],
            "code": 17
        },
        {
            "type": 1,
            "pos": [
                518,
                95
            ],
            "id": "e",
            "z_level": 0,
            "mapping": [
                635,
                191,
                181,
                92
            ],
            "code": 18
        },
        {
            "type": 1,
            "pos": [
                642,
                95
            ],
            "id": "r",
            "z_level": 0,
            "mapping": [
                819,
                191,
                181,
                92
            ],
            "code": 19
        },
        {
            "type": 1,
            "pos": [
                766,
                95
            ],
            "id": "t",
            "z_level": 0,
            "mapping": [
                1003,
                191,
                181,
                92
            ],
            "code": 20
        },
        {
            "type": 1,
            "pos": [
                890,
                95
            ],
            "id": "y",
            "z_level": 0,
            "mapping": [
                1187,
                190,
                181,
                92
            ],
            "code": 21
        },
        {
            "type": 1,
            "pos": [
                269,
                190
            ],
            "id": "a",
            "z_level": 0,
            "mapping": [
                267,
                381,
                181,
                92
            ],
            "code": 30
        },
        {
            "type": 1,
            "pos": [
                393,
                190
            ],
            "id": "s",
            "z_level": 0,
            "mapping": [
                451,
                381,
                181,
                92
            ],
            "code": 31
        },
        {
            "type": 1,
            "pos": [
                517,
                190
            ],
            "id": "d",
            "z_level": 0,
            "mapping": [
                635,
                381,
                181,
                92
            ],
            "code": 32
        },
        {
            "type": 1,
            "pos": [
                641,
                190
            ],
            "id": "F",
            "z_level": 0,
            "mapping": [
                819,
                381,
                181,
                92
            ],
            "code": 33
        },
        {
            "type": 1,
            "pos": [
                765,
                190
            ],
            "id": "G",
            "z_level": 0,
            "mapping": [
                1003,
                381,
                181,
                92
            ],
            "code": 34
        },
        {
            "type": 1,
            "pos": [
                889,
                190
            ],
            "id": "H",
            "z_level": 0,
            "mapping": [
                1187,
                381,
                181,
                92
            ],
            "code": 35
        },
        {
            "type": 1,
            "pos": [
                269,
                285
            ],
            "id": "Z",
            "z_level": 0,
            "mapping": [
                267,
                571,
                181,
                92
            ],
            "code": 44
        },
        {
            "type": 1,
            "pos": [
                393,
                285
            ],
            "id": "X",
            "z_level": 0,
            "mapping": [
                451,
                571,
                181,
                92
            ],
            "code": 45
        },
        {
            "type": 1,
            "pos": [
                517,
                285
            ],
            "id": "C",
            "z_level": 0,
            "mapping": [
                635,
                571,
                181,
                92
            ],
            "code": 46
        },
        {
            "type": 1,
            "pos": [
                641,
                285
            ],
            "id": "V",
            "z_level": 0,
            "mapping": [
                819,
                571,
                181,
                92
            ],
            "code": 47
        },
        {
            "type": 1,
            "pos": [
                765,
                285
            ],
            "id": "B",
            "z_level": 0,
            "mapping": [
                1003,
                571,
                181,
                92
            ],
            "code": 48
        },
        {
            "type": 1,
            "pos": [
                889,
                285
            ],
            "id": "N",
            "z_level": 0,
            "mapping": [
                1187,
                571,
                181,
                92
            ],
            "code": 49
        },
        {
            "type": 1,
            "pos": [
                1013,
                285
            ],
            "id": "M",
            "z_level": 0,
            "mapping": [
                1371,
                571,
                181,
                92
            ],
            "code": 50
        },
        {
            "type": 1,
            "pos": [
                1013,
                190
            ],
            "id": "return",
            "z_level": 0,
            "mapping": [
                1555,
                191,
                365,
                92
            ],
            "code": 28
        }
    ]
}