{
    "default_width": 0,
    "default_height": 0,
    "space_h": 0,
    "space_v": 0,
    "flags": 8,
    "overlay_width": 401,
    "overlay_height": 476,
    "elements": [
        {
            "type": 4,
            "pos": [
                241,
                45
            ],
            "id": "mouse2",
            "z_level": 0,
            "mapping": [
                503,
                290,
                49,
                82
            ]
        },
        {
            "type": 3,
            "pos": [
                131,
                1
            ],
            "id": "mouse1",
            "z_level": 0,
            "mapping": [
                1,
                1,
                123,
                182
            ],
            "code": 1
        },
        {
            "type": 3,
            "pos": [
                279,
                1
            ],
            "id": "mouse3",
            "z_level": 0,
            "mapping": [
                127,
                1,
                122,
                182
            ],
            "code": 2
        },
        {
            "type": 3,
            "pos": [
                1,
                65
            ],
            "id": "mouse5",
            "z_level": 0,
            "mapping": [
                251,
                2,
                123,
                199
            ],
            "code": 5
        },
        {
            "type": 3,
            "pos": [
                1,
                271
            ],
            "id": "mouse4",
            "z_level": 0,
            "mapping": [
                377,
                1,
                123,
                200
            ],
            "code": 4
        },
        {
            "type": 0,
            "pos": [
                131,
                190
            ],
            "id": "body",
            "z_level": 0,
            "mapping": [
                503,
                1,
                269,
                286
            ]
        }
    ]
}